{"posts_time": [1685619771.5150528, 1685619779.3031816, 1685619783.1436853, 1685619831.2969832], "ip_count": {"127.0.0.1": 2, "10.0.0.83": 4}, "ip_time": {"127.0.0.1": 1676243813.5948143, "10.0.0.83": 1685619771.5129964}}